{
    "rmse": 0.7459435913034079,
    "mae": 0.5952193734992943,
    "r2": 0.16187401505252963
}